{
  "pdf_file": "C:/Users/nath-/OneDrive/Work/CRCS/Code/Layout_Heatmap/CW 2025 Update plan (2).pdf",
  "shape_file": "C:/Users/nath-/OneDrive/Work/CRCS/Code/Layout_Heatmap/Area.json",
  "labels": [
    {
      "shape_index": 0,
      "text_lines": [
        "Mizuno",
        "1254"
      ],
      "position": [
        460.82089272100785,
        -212.4721063856578
      ],
      "font_size": 40,
      "font_color": "#000000",
      "has_leader": true,
      "leader_points": [
        [
          460.82089272100785,
          -212.4721063856578
        ],
        [
          460.82089272100785,
          148.6833577801096
        ]
      ]
    },
    {
      "shape_index": 1,
      "text_lines": [
        "Srixon"
      ],
      "position": [
        785.8274965659273,
        -126.93969530982167
      ],
      "font_size": 40,
      "font_color": "#000000",
      "has_leader": true,
      "leader_points": [
        [
          785.8274965659273,
          -126.93969530982167
        ],
        [
          785.8274965659273,
          153.99347770082778
        ]
      ]
    },
    {
      "shape_index": 2,
      "text_lines": [
        "Backpack"
      ],
      "position": [
        -430.15454296562547,
        365.8115701473758
      ],
      "font_size": 40,
      "font_color": "#000000",
      "has_leader": true,
      "leader_points": [
        [
          -430.15454296562547,
          365.8115701473758
        ],
        [
          603.8364938416696,
          365.8115701473758
        ]
      ]
    }
  ]
}